{"indexes":[{"v":{"$numberInt":"2"},"key":{"_id":{"$numberInt":"1"}},"name":"_id_"},{"v":{"$numberInt":"2"},"key":{"category":{"$numberDouble":"1.0"}},"name":"category_1"},{"v":{"$numberInt":"2"},"key":{"categoryUrl":{"$numberDouble":"1.0"}},"name":"categoryUrl_1"},{"v":{"$numberInt":"2"},"key":{"section_ID":{"$numberDouble":"1.0"}},"name":"section_ID_1"},{"v":{"$numberInt":"2"},"key":{"status":{"$numberDouble":"1.0"}},"name":"status_1"}],"uuid":"3f73810450d548bc9670cb46ed8398c2","collectionName":"categories"}