{"indexes":[{"v":{"$numberInt":"2"},"key":{"_id":{"$numberInt":"1"}},"name":"_id_"},{"v":{"$numberInt":"2"},"key":{"category":{"$numberDouble":"1.0"}},"name":"category_1"},{"v":{"$numberInt":"2"},"key":{"categoryUrl":{"$numberDouble":"1.0"}},"name":"categoryUrl_1"},{"v":{"$numberInt":"2"},"key":{"section_ID":{"$numberDouble":"1.0"}},"name":"section_ID_1"},{"v":{"$numberInt":"2"},"key":{"status":{"$numberDouble":"1.0"}},"name":"status_1"}],"uuid":"f2461e04a9c14de881c360083cedce3b","collectionName":"categories"}