{"indexes":[{"v":{"$numberInt":"2"},"key":{"_id":{"$numberInt":"1"}},"name":"_id_"},{"v":{"$numberInt":"2"},"key":{"vendor_ID":{"$numberDouble":"1.0"}},"name":"vendor_ID_1"},{"v":{"$numberInt":"2"},"key":{"user_ID":{"$numberDouble":"1.0"}},"name":"user_ID_1"},{"v":{"$numberInt":"2"},"key":{"section":{"$numberDouble":"1.0"}},"name":"section_1"},{"v":{"$numberInt":"2"},"key":{"section_ID":{"$numberDouble":"1.0"}},"name":"section_ID_1"},{"v":{"$numberInt":"2"},"key":{"category":{"$numberDouble":"1.0"}},"name":"category_1"},{"v":{"$numberInt":"2"},"key":{"category_ID":{"$numberDouble":"1.0"}},"name":"category_ID_1"},{"v":{"$numberInt":"2"},"key":{"subCategory":{"$numberDouble":"1.0"}},"name":"subCategory_1"},{"v":{"$numberInt":"2"},"key":{"subCategoryUrl":{"$numberDouble":"1.0"}},"name":"subCategoryUrl_1"},{"v":{"$numberInt":"2"},"key":{"subCategory_ID":{"$numberDouble":"1.0"}},"name":"subCategory_ID_1"},{"v":{"$numberInt":"2"},"key":{"brand":{"$numberDouble":"1.0"}},"name":"brand_1"},{"v":{"$numberInt":"2"},"key":{"productName":{"$numberDouble":"1.0"}},"name":"productName_1"},{"v":{"$numberInt":"2"},"key":{"status":{"$numberDouble":"1.0"}},"name":"status_1"},{"v":{"$numberInt":"2"},"key":{"featured":{"$numberDouble":"1.0"}},"name":"featured_1"},{"v":{"$numberInt":"2"},"key":{"exclusive":{"$numberDouble":"1.0"}},"name":"exclusive_1"},{"v":{"$numberInt":"2"},"key":{"createdAt":{"$numberDouble":"1.0"}},"name":"createdAt_1"},{"v":{"$numberInt":"2"},"key":{"productCode":{"$numberDouble":"1.0"}},"name":"productCode_1"},{"v":{"$numberInt":"2"},"key":{"itemCode":{"$numberDouble":"1.0"}},"name":"itemCode_1"},{"v":{"$numberInt":"2"},"key":{"fileName":{"$numberDouble":"1.0"}},"name":"fileName_1"}],"uuid":"df0be7d705b04c87914f83c8dbc2aa15","collectionName":"products"}